{
  "accuracy": 0.6902573529411765,
  "precision_fake": 0.9683257918552036,
  "recall_fake": 0.39338235294117646,
  "f1_fake": 0.5594771241830065,
  "roc_auc": 0.8370154357698962,
  "false_positive_rate_human_as_fake": 0.012867647058823529,
  "tn": 537,
  "fp": 7,
  "fn": 330,
  "tp": 214
}