{
  "accuracy": 0.9989384288747346,
  "precision_fake": 0.9985855728429985,
  "recall_fake": 0.9992922859164898,
  "f1_fake": 0.9989388043862752,
  "roc_auc": 0.9999679450096641,
  "false_positive_rate_human_as_fake": 0.0014154281670205238,
  "tn": 1411,
  "fp": 2,
  "fn": 1,
  "tp": 1412
}