{
  "accuracy": 0.8189338235294118,
  "precision_fake": 0.8652631578947368,
  "recall_fake": 0.7555147058823529,
  "f1_fake": 0.8066732090284593,
  "roc_auc": 0.895119214965398,
  "false_positive_rate_human_as_fake": 0.11764705882352941,
  "tn": 480,
  "fp": 64,
  "fn": 133,
  "tp": 411
}