{
  "accuracy": 0.9968152866242038,
  "precision_fake": 0.9936708860759493,
  "recall_fake": 1.0,
  "f1_fake": 0.9968253968253968,
  "roc_auc": 0.9998061674803125,
  "false_positive_rate_human_as_fake": 0.006369426751592357,
  "tn": 1404,
  "fp": 9,
  "fn": 0,
  "tp": 1413
}