{
  "accuracy": 0.96875,
  "precision_fake": 0.9941860465116279,
  "recall_fake": 0.9430147058823529,
  "f1_fake": 0.9679245283018868,
  "roc_auc": 0.9980198421280276,
  "false_positive_rate_human_as_fake": 0.0055147058823529415,
  "tn": 541,
  "fp": 3,
  "fn": 31,
  "tp": 513
}