{
  "accuracy": 0.997169143665959,
  "precision_fake": 0.997169143665959,
  "recall_fake": 0.997169143665959,
  "f1_fake": 0.997169143665959,
  "roc_auc": 0.9996378787810489,
  "false_positive_rate_human_as_fake": 0.0028308563340410475,
  "tn": 1409,
  "fp": 4,
  "fn": 4,
  "tp": 1409
}