{
  "accuracy": 0.9788602941176471,
  "precision_fake": 0.9762340036563071,
  "recall_fake": 0.9816176470588235,
  "f1_fake": 0.9789184234647113,
  "roc_auc": 0.9980198421280276,
  "false_positive_rate_human_as_fake": 0.02389705882352941,
  "tn": 531,
  "fp": 13,
  "fn": 10,
  "tp": 534,
  "threshold": 0.09000000000000001
}