{
  "accuracy": 0.997523000707714,
  "precision_fake": 0.9950704225352113,
  "recall_fake": 1.0,
  "f1_fake": 0.9975291210730675,
  "roc_auc": 0.999971951883456,
  "false_positive_rate_human_as_fake": 0.004953998584571833,
  "tn": 1406,
  "fp": 7,
  "fn": 0,
  "tp": 1413
}