{
  "accuracy": 0.7141544117647058,
  "precision_fake": 0.8949152542372881,
  "recall_fake": 0.4852941176470588,
  "f1_fake": 0.6293206197854588,
  "roc_auc": 0.8006258109861593,
  "false_positive_rate_human_as_fake": 0.05698529411764706,
  "tn": 513,
  "fp": 31,
  "fn": 280,
  "tp": 264
}