{
  "accuracy": 0.9338235294117647,
  "precision_fake": 0.9627450980392157,
  "recall_fake": 0.9025735294117647,
  "f1_fake": 0.9316888045540797,
  "roc_auc": 0.9896126189446367,
  "false_positive_rate_human_as_fake": 0.034926470588235295,
  "tn": 525,
  "fp": 19,
  "fn": 53,
  "tp": 491,
  "threshold": 0.3999999999999999
}